59,8,Gorilla Grodd I,cost_per_click,running,935,,2017-06-13 16:42:34.594681,2017-06-13 16:42:34.594681
60,8,The Doppelganger the Hunter,cost_per_impression,paused,8975,,2017-06-13 16:42:35.207761,2017-06-13 16:42:35.207761
61,8,Falcon Brain,cost_per_click,running,8428,,2017-06-13 16:42:36.097274,2017-06-13 16:42:36.097274
62,8,Red Goku of Hearts,cost_per_click,archived,6531,,2017-06-13 16:42:36.693675,2017-06-13 16:42:36.693675
63,8,Green Rambo,cost_per_click,archived,2451,,2017-06-13 16:42:37.136045,2017-06-13 16:42:37.136045
64,8,Winter Soldier Dragon,cost_per_click,running,1752,,2017-06-13 16:42:37.897502,2017-06-13 16:42:37.897502
65,8,Overtkill,cost_per_click,running,8232,,2017-06-13 16:42:38.489345,2017-06-13 16:42:38.489345
144,20,Mr Firestorm,cost_per_impression,archived,974,,2017-06-13 16:43:34.89124,2017-06-13 16:43:34.89124
145,20,Mr Redeemer X,cost_per_impression,archived,7568,,2017-06-13 16:43:35.651046,2017-06-13 16:43:35.651046
146,20,Supah Siren the Fated,cost_per_impression,paused,2853,,2017-06-13 16:43:36.308079,2017-06-13 16:43:36.308079
147,20,Ultra Jack-Jack Fist,cost_per_click,running,9287,,2017-06-13 16:43:36.783496,2017-06-13 16:43:36.783496
148,20,Swarm,cost_per_click,running,2788,,2017-06-13 16:43:37.534206,2017-06-13 16:43:37.534206
149,20,Magnificent Mephisto Knight,cost_per_click,paused,8425,,2017-06-13 16:43:38.283688,2017-06-13 16:43:38.283688
150,20,Magneto Dragon,cost_per_impression,paused,7000,,2017-06-13 16:43:39.206881,2017-06-13 16:43:39.206881
456,60,Wolfsbane IX,cost_per_click,running,4676,,2017-06-13 16:47:12.869235,2017-06-13 16:47:12.869235
457,60,Question III,cost_per_click,paused,3157,,2017-06-13 16:47:13.699966,2017-06-13 16:47:13.699966
458,60,Red Shocker,cost_per_click,paused,6190,,2017-06-13 16:47:14.294713,2017-06-13 16:47:14.294713
459,60,Bloodwraith,cost_per_impression,running,449,,2017-06-13 16:47:15.061981,2017-06-13 16:47:15.061981
460,60,Supah Toxin Woman,cost_per_impression,paused,7494,,2017-06-13 16:47:15.909428,2017-06-13 16:47:15.909428
461,60,Maya Herrera,cost_per_impression,running,6588,,2017-06-13 16:47:16.454616,2017-06-13 16:47:16.454616
462,60,Iron Fist,cost_per_click,archived,6032,,2017-06-13 16:47:16.882051,2017-06-13 16:47:16.882051
463,60,Cyborg Azrael,cost_per_click,archived,3584,,2017-06-13 16:47:17.438487,2017-06-13 16:47:17.438487
1,1,Mandarin,cost_per_impression,paused,7895,,2017-06-13 16:41:52.707903,2017-06-13 16:41:52.707903
2,1,Red Leader,cost_per_click,paused,4891,,2017-06-13 16:41:53.341818,2017-06-13 16:41:53.341818
3,1,Morlun,cost_per_impression,paused,1182,,2017-06-13 16:41:53.819101,2017-06-13 16:41:53.819101
4,1,Illustrious Absorbing IX,cost_per_click,archived,4763,,2017-06-13 16:41:54.407686,2017-06-13 16:41:54.407686
5,1,Captain Azrael Woman,cost_per_click,paused,9005,,2017-06-13 16:41:54.902299,2017-06-13 16:41:54.902299
6,1,Cyborg Hancock II,cost_per_click,archived,8604,,2017-06-13 16:41:55.498523,2017-06-13 16:41:55.498523
7,1,Ultra Justice Eyes,cost_per_click,paused,6982,,2017-06-13 16:41:56.367163,2017-06-13 16:41:56.367163
109,15,A-Bomb,cost_per_impression,running,3269,,2017-06-13 16:43:09.628711,2017-06-13 16:43:09.628711
110,15,Ultra Huntress,cost_per_impression,running,2656,,2017-06-13 16:43:10.138198,2017-06-13 16:43:10.138198
111,15,Ultra Gamora,cost_per_impression,running,5433,,2017-06-13 16:43:10.850923,2017-06-13 16:43:10.850923
112,15,Juggernaut Brain,cost_per_impression,running,1196,,2017-06-13 16:43:11.630654,2017-06-13 16:43:11.630654
113,15,Agent Mandarin,cost_per_impression,archived,7771,,2017-06-13 16:43:12.122781,2017-06-13 16:43:12.122781
114,15,General Maverick Knight,cost_per_impression,archived,7563,,2017-06-13 16:43:12.784673,2017-06-13 16:43:12.784673
182,25,Toxin,cost_per_impression,running,7105,,2017-06-13 16:44:02.757745,2017-06-13 16:44:02.757745
183,25,Dark Sasquatch Strange,cost_per_impression,archived,617,,2017-06-13 16:44:03.231323,2017-06-13 16:44:03.231323
184,25,Giant Metallo Boy,cost_per_click,running,8004,,2017-06-13 16:44:03.946262,2017-06-13 16:44:03.946262
185,25,General Plastique the Fated,cost_per_impression,running,2852,,2017-06-13 16:44:04.681214,2017-06-13 16:44:04.681214
186,25,Magnificent Guardian the Hunter,cost_per_click,archived,3354,,2017-06-13 16:44:05.628191,2017-06-13 16:44:05.628191
187,25,Red Goku,cost_per_impression,paused,6996,,2017-06-13 16:44:06.170591,2017-06-13 16:44:06.170591
188,25,Wiz Kid Skull,cost_per_click,archived,4609,,2017-06-13 16:44:06.773654,2017-06-13 16:44:06.773654
189,25,Green Stardust,cost_per_click,paused,175,,2017-06-13 16:44:07.378588,2017-06-13 16:44:07.378588
190,25,General Booster Gold Girl,cost_per_click,running,2625,,2017-06-13 16:44:08.100192,2017-06-13 16:44:08.100192
481,63,Jack-Jack Wolf,cost_per_click,running,8965,,2017-06-13 16:47:30.650628,2017-06-13 16:47:30.650628
482,63,The Songbird,cost_per_click,archived,4409,,2017-06-13 16:47:31.406396,2017-06-13 16:47:31.406396
483,63,Magneto IX,cost_per_click,running,5668,,2017-06-13 16:47:31.975634,2017-06-13 16:47:31.975634
484,63,The Sunspot,cost_per_impression,paused,9604,,2017-06-13 16:47:32.660538,2017-06-13 16:47:32.660538
485,63,Cyborg Omniscient,cost_per_impression,paused,5166,,2017-06-13 16:47:33.156115,2017-06-13 16:47:33.156115
486,63,Warbird,cost_per_impression,archived,2834,,2017-06-13 16:47:34.108565,2017-06-13 16:47:34.108565
487,63,Green Arsenal,cost_per_click,archived,1325,,2017-06-13 16:47:34.785659,2017-06-13 16:47:34.785659
488,63,Illustrious Booster Gold II,cost_per_impression,archived,9799,,2017-06-13 16:47:35.299644,2017-06-13 16:47:35.299644
231,31,Blizzard Claw,cost_per_click,running,1108,,2017-06-13 16:44:36.905666,2017-06-13 16:44:36.905666
232,31,Green Callisto Machine,cost_per_click,paused,4245,,2017-06-13 16:44:37.712413,2017-06-13 16:44:37.712413
233,31,Cyclops Ivy,cost_per_click,running,3954,,2017-06-13 16:44:38.469673,2017-06-13 16:44:38.469673
234,31,Agent Aztar,cost_per_click,paused,5250,,2017-06-13 16:44:38.95296,2017-06-13 16:44:38.95296
235,31,Supah Molten Man Brain,cost_per_impression,paused,1488,,2017-06-13 16:44:39.660172,2017-06-13 16:44:39.660172
236,31,Metron,cost_per_click,paused,615,,2017-06-13 16:44:40.467374,2017-06-13 16:44:40.467374
237,31,Green Mockingbird III,cost_per_click,archived,1045,,2017-06-13 16:44:41.099753,2017-06-13 16:44:41.099753
172,24,Mr Abomination,cost_per_click,archived,7919,,2017-06-13 16:43:55.666325,2017-06-13 16:43:55.666325
173,24,Green Crystal Knight,cost_per_impression,paused,7737,,2017-06-13 16:43:56.222199,2017-06-13 16:43:56.222199
174,24,Jack-Jack Wolf,cost_per_impression,running,6235,,2017-06-13 16:43:56.943986,2017-06-13 16:43:56.943986
175,24,Dark Warp,cost_per_click,running,8362,,2017-06-13 16:43:57.59524,2017-06-13 16:43:57.59524
176,24,A-Bomb,cost_per_impression,paused,2051,,2017-06-13 16:43:58.198501,2017-06-13 16:43:58.198501
177,24,Wolfsbane Brain,cost_per_impression,running,5751,,2017-06-13 16:43:59.155183,2017-06-13 16:43:59.155183
178,24,Captain Etrigan,cost_per_click,archived,100,,2017-06-13 16:44:00.055702,2017-06-13 16:44:00.055702
179,24,Agent Hybrid,cost_per_impression,running,1665,,2017-06-13 16:44:00.735845,2017-06-13 16:44:00.735845
180,24,Green Silk,cost_per_impression,running,9546,,2017-06-13 16:44:01.245653,2017-06-13 16:44:01.245653
181,24,Illustrious Annihilus,cost_per_click,archived,4486,,2017-06-13 16:44:01.947434,2017-06-13 16:44:01.947434
191,26,Green Skaar,cost_per_click,running,882,,2017-06-13 16:44:08.983331,2017-06-13 16:44:08.983331
192,26,Dark Maxima X,cost_per_impression,archived,948,,2017-06-13 16:44:09.754798,2017-06-13 16:44:09.754798
193,26,Doctor Hercules,cost_per_click,running,2518,,2017-06-13 16:44:10.584482,2017-06-13 16:44:10.584482
194,26,Dark Booster Gold,cost_per_click,paused,2578,,2017-06-13 16:44:11.418432,2017-06-13 16:44:11.418432
195,26,Giant Astro Boy X,cost_per_click,archived,1393,,2017-06-13 16:44:11.926362,2017-06-13 16:44:11.926362
196,26,Doctor Wyatt Wingfoot,cost_per_click,archived,3109,,2017-06-13 16:44:12.660887,2017-06-13 16:44:12.660887
247,33,The Warbird,cost_per_click,paused,4545,,2017-06-13 16:44:48.578104,2017-06-13 16:44:48.578104
248,33,Mr Destroyer Woman,cost_per_impression,archived,6821,,2017-06-13 16:44:49.394479,2017-06-13 16:44:49.394479
249,33,Bantam Brain,cost_per_click,paused,9685,,2017-06-13 16:44:50.2352,2017-06-13 16:44:50.2352
250,33,Magnificent Hobgoblin,cost_per_click,running,2466,,2017-06-13 16:44:50.893147,2017-06-13 16:44:50.893147
251,33,Illustrious Moonstone Brain,cost_per_click,running,9608,,2017-06-13 16:44:51.575588,2017-06-13 16:44:51.575588
252,33,Arclight Thirteen,cost_per_impression,archived,4822,,2017-06-13 16:44:52.414489,2017-06-13 16:44:52.414489
253,33,Ra's Al Ghul Brain,cost_per_impression,archived,4627,,2017-06-13 16:44:53.081918,2017-06-13 16:44:53.081918
254,33,Scorpia,cost_per_click,running,1218,,2017-06-13 16:44:53.803284,2017-06-13 16:44:53.803284
72,10,General Huntress,cost_per_impression,paused,1985,,2017-06-13 16:42:43.635989,2017-06-13 16:42:43.635989
73,10,Namorita Brain,cost_per_impression,archived,2766,,2017-06-13 16:42:44.14062,2017-06-13 16:42:44.14062
74,10,Rhino Girl,cost_per_impression,paused,203,,2017-06-13 16:42:44.894458,2017-06-13 16:42:44.894458
75,10,Synch Eyes,cost_per_click,running,7017,,2017-06-13 16:42:45.754875,2017-06-13 16:42:45.754875
76,10,Atom Fist,cost_per_click,archived,2022,,2017-06-13 16:42:46.520871,2017-06-13 16:42:46.520871
77,10,Bullseye,cost_per_click,archived,1822,,2017-06-13 16:42:47.103881,2017-06-13 16:42:47.103881
78,10,Red Thundra,cost_per_click,archived,2820,,2017-06-13 16:42:47.711439,2017-06-13 16:42:47.711439
262,35,Green Beak,cost_per_impression,running,889,,2017-06-13 16:44:59.077228,2017-06-13 16:44:59.077228
263,35,Granny Goodness Boy,cost_per_click,paused,6522,,2017-06-13 16:44:59.634737,2017-06-13 16:44:59.634737
264,35,Vulcan Dragon,cost_per_click,running,6400,,2017-06-13 16:45:00.448221,2017-06-13 16:45:00.448221
265,35,Agent Luna,cost_per_click,archived,8122,,2017-06-13 16:45:00.990248,2017-06-13 16:45:00.990248
266,35,Sasquatch Lord,cost_per_impression,paused,1295,,2017-06-13 16:45:01.590276,2017-06-13 16:45:01.590276
267,35,Sentry,cost_per_click,running,238,,2017-06-13 16:45:02.219329,2017-06-13 16:45:02.219329
268,35,Magnificent Doomsday,cost_per_click,archived,2213,,2017-06-13 16:45:02.778227,2017-06-13 16:45:02.778227
362,48,Destroyer Claw,cost_per_impression,paused,3751,,2017-06-13 16:46:08.523581,2017-06-13 16:46:08.523581
363,48,Astro Boy Thirteen,cost_per_click,archived,1574,,2017-06-13 16:46:09.221122,2017-06-13 16:46:09.221122
364,48,Magog Eyes,cost_per_impression,paused,9290,,2017-06-13 16:46:09.714283,2017-06-13 16:46:09.714283
365,48,Giganta of Hearts,cost_per_impression,paused,908,,2017-06-13 16:46:10.345486,2017-06-13 16:46:10.345486
366,48,Sabretooth Strike,cost_per_impression,archived,5661,,2017-06-13 16:46:10.883359,2017-06-13 16:46:10.883359
367,48,Morph Dragon,cost_per_click,running,720,,2017-06-13 16:46:11.873148,2017-06-13 16:46:11.873148
368,48,Green Iron Fist of Hearts,cost_per_impression,archived,1667,,2017-06-13 16:46:12.388607,2017-06-13 16:46:12.388607
369,48,Mr Vulcan,cost_per_impression,paused,1169,,2017-06-13 16:46:12.96607,2017-06-13 16:46:12.96607
370,48,Aztar,cost_per_click,archived,3636,,2017-06-13 16:46:13.761044,2017-06-13 16:46:13.761044
34,5,Supah Bat Lord,cost_per_impression,archived,4307,,2017-06-13 16:42:16.142651,2017-06-13 16:42:16.142651
35,5,Shocker,cost_per_impression,paused,3914,,2017-06-13 16:42:16.647064,2017-06-13 16:42:16.647064
36,5,Giant Toxin Girl,cost_per_click,running,4057,,2017-06-13 16:42:17.481264,2017-06-13 16:42:17.481264
37,5,Supah Scorpion Wolf,cost_per_impression,running,7420,,2017-06-13 16:42:18.269976,2017-06-13 16:42:18.269976
38,5,Lyja,cost_per_click,archived,2369,,2017-06-13 16:42:18.821974,2017-06-13 16:42:18.821974
39,5,Captain Annihilus,cost_per_click,archived,9352,,2017-06-13 16:42:19.310638,2017-06-13 16:42:19.310638
40,5,Agent Rachel Pirzad of Hearts,cost_per_click,archived,3538,,2017-06-13 16:42:20.009205,2017-06-13 16:42:20.009205
41,5,Giant Maya Herrera I,cost_per_click,archived,3712,,2017-06-13 16:42:20.769031,2017-06-13 16:42:20.769031
42,5,Dark Groot Boy,cost_per_impression,running,6496,,2017-06-13 16:42:21.576833,2017-06-13 16:42:21.576833
401,53,Agent Vibe,cost_per_impression,running,1008,,2017-06-13 16:46:34.842856,2017-06-13 16:46:34.842856
402,53,Bloodhawk Eyes,cost_per_impression,archived,4288,,2017-06-13 16:46:35.623411,2017-06-13 16:46:35.623411
403,53,Vibe,cost_per_impression,running,5207,,2017-06-13 16:46:36.323429,2017-06-13 16:46:36.323429
404,53,Lyja,cost_per_click,archived,7167,,2017-06-13 16:46:36.839568,2017-06-13 16:46:36.839568
405,53,The Deathstroke XI,cost_per_impression,running,4365,,2017-06-13 16:46:37.534409,2017-06-13 16:46:37.534409
406,53,Doctor Cyborg,cost_per_impression,paused,6924,,2017-06-13 16:46:38.20314,2017-06-13 16:46:38.20314
407,53,Changeling of Hearts,cost_per_impression,paused,8436,,2017-06-13 16:46:39.013795,2017-06-13 16:46:39.013795
408,53,Green Bumblebee,cost_per_impression,running,757,,2017-06-13 16:46:39.631884,2017-06-13 16:46:39.631884
380,50,Ultra Hyperion,cost_per_impression,paused,9072,,2017-06-13 16:46:20.456226,2017-06-13 16:46:20.456226
381,50,Cyborg Blob,cost_per_impression,archived,1189,,2017-06-13 16:46:21.329049,2017-06-13 16:46:21.329049
382,50,Husk,cost_per_click,archived,6013,,2017-06-13 16:46:21.787148,2017-06-13 16:46:21.787148
383,50,Supah Sabretooth,cost_per_click,archived,4850,,2017-06-13 16:46:22.561553,2017-06-13 16:46:22.561553
384,50,Illustrious Copycat,cost_per_click,running,4367,,2017-06-13 16:46:23.146178,2017-06-13 16:46:23.146178
385,50,Match Ivy,cost_per_impression,paused,9820,,2017-06-13 16:46:23.763496,2017-06-13 16:46:23.763496
386,50,Two-Face Brain,cost_per_click,archived,8168,,2017-06-13 16:46:24.485233,2017-06-13 16:46:24.485233
26,4,Magnificent Cy-Gor Thirteen,cost_per_impression,paused,5900,,2017-06-13 16:42:09.902924,2017-06-13 16:42:09.902924
27,4,Wolverine Dragon,cost_per_impression,running,3713,,2017-06-13 16:42:10.866183,2017-06-13 16:42:10.866183
28,4,Goku,cost_per_click,paused,1960,,2017-06-13 16:42:11.441643,2017-06-13 16:42:11.441643
29,4,Ripcord Claw,cost_per_impression,archived,6994,,2017-06-13 16:42:12.198094,2017-06-13 16:42:12.198094
30,4,Dark Aqua,cost_per_impression,paused,2663,,2017-06-13 16:42:13.113204,2017-06-13 16:42:13.113204
31,4,Warbird Girl,cost_per_click,paused,4425,,2017-06-13 16:42:13.834842,2017-06-13 16:42:13.834842
32,4,Cyborg Rogue,cost_per_click,archived,6281,,2017-06-13 16:42:14.730579,2017-06-13 16:42:14.730579
33,4,Mr Mera III,cost_per_impression,paused,2192,,2017-06-13 16:42:15.47731,2017-06-13 16:42:15.47731
51,7,Giant Chameleon Man,cost_per_click,running,3176,,2017-06-13 16:42:28.591585,2017-06-13 16:42:28.591585
52,7,Tinkerer Strike,cost_per_impression,running,5198,,2017-06-13 16:42:29.277142,2017-06-13 16:42:29.277142
53,7,Zatanna,cost_per_impression,running,150,,2017-06-13 16:42:30.065958,2017-06-13 16:42:30.065958
54,7,Giant Question Claw,cost_per_impression,paused,2819,,2017-06-13 16:42:30.886949,2017-06-13 16:42:30.886949
55,7,Question,cost_per_impression,paused,1642,,2017-06-13 16:42:31.728957,2017-06-13 16:42:31.728957
56,7,Annihilus,cost_per_impression,running,137,,2017-06-13 16:42:32.519651,2017-06-13 16:42:32.519651
57,7,Venom,cost_per_impression,archived,8340,,2017-06-13 16:42:32.999851,2017-06-13 16:42:32.999851
58,7,The Longshot Strike,cost_per_click,paused,8977,,2017-06-13 16:42:33.791989,2017-06-13 16:42:33.791989
101,14,Green Wiz Kid,cost_per_impression,archived,588,,2017-06-13 16:43:04.285799,2017-06-13 16:43:04.285799
102,14,Cyborg Firelord,cost_per_impression,running,2761,,2017-06-13 16:43:04.883498,2017-06-13 16:43:04.883498
103,14,Meltdown Thirteen,cost_per_click,running,7794,,2017-06-13 16:43:05.505838,2017-06-13 16:43:05.505838
104,14,General Redeemer Brain,cost_per_impression,running,3087,,2017-06-13 16:43:06.315396,2017-06-13 16:43:06.315396
105,14,Doctor Scorpion Brain,cost_per_click,running,2578,,2017-06-13 16:43:06.905826,2017-06-13 16:43:06.905826
106,14,Agent Magog,cost_per_click,archived,8008,,2017-06-13 16:43:07.547721,2017-06-13 16:43:07.547721
107,14,Medusa the Hunter,cost_per_click,paused,9444,,2017-06-13 16:43:08.278614,2017-06-13 16:43:08.278614
108,14,Captain Phantom Brain,cost_per_click,archived,2973,,2017-06-13 16:43:08.766795,2017-06-13 16:43:08.766795
409,54,Dark Buffy,cost_per_impression,paused,1838,,2017-06-13 16:46:40.429396,2017-06-13 16:46:40.429396
410,54,Ghost Knight,cost_per_click,running,5334,,2017-06-13 16:46:40.914471,2017-06-13 16:46:40.914471
411,54,Violator,cost_per_click,paused,5385,,2017-06-13 16:46:41.506097,2017-06-13 16:46:41.506097
412,54,Illustrious Vanisher,cost_per_click,running,6340,,2017-06-13 16:46:42.19746,2017-06-13 16:46:42.19746
413,54,Giant Thunderbird Machine,cost_per_click,archived,4321,,2017-06-13 16:46:42.737603,2017-06-13 16:46:42.737603
414,54,Meteorite,cost_per_impression,running,9194,,2017-06-13 16:46:43.393235,2017-06-13 16:46:43.393235
464,61,Doctor Scarecrow,cost_per_impression,archived,5791,,2017-06-13 16:47:18.170112,2017-06-13 16:47:18.170112
465,61,Booster Gold,cost_per_impression,running,8873,,2017-06-13 16:47:18.633199,2017-06-13 16:47:18.633199
466,61,Giant Booster Gold,cost_per_click,archived,8398,,2017-06-13 16:47:19.521439,2017-06-13 16:47:19.521439
467,61,Green Scorpia II,cost_per_impression,archived,8809,,2017-06-13 16:47:20.73611,2017-06-13 16:47:20.73611
468,61,Bishop the Fated,cost_per_click,paused,5709,,2017-06-13 16:47:21.509102,2017-06-13 16:47:21.509102
469,61,Plastique,cost_per_impression,paused,7792,,2017-06-13 16:47:22.040997,2017-06-13 16:47:22.040997
470,61,Green Sobek,cost_per_impression,paused,8215,,2017-06-13 16:47:22.834436,2017-06-13 16:47:22.834436
471,61,Dark Ymir,cost_per_impression,running,8401,,2017-06-13 16:47:23.326684,2017-06-13 16:47:23.326684
472,61,The Siryn Boy,cost_per_impression,running,5299,,2017-06-13 16:47:23.864521,2017-06-13 16:47:23.864521
473,61,Agent Cable,cost_per_impression,running,5268,,2017-06-13 16:47:24.439848,2017-06-13 16:47:24.439848
122,17,Sunspot,cost_per_click,running,6302,,2017-06-13 16:43:18.857894,2017-06-13 16:43:18.857894
123,17,Cannonball of Hearts,cost_per_impression,paused,3986,,2017-06-13 16:43:19.575605,2017-06-13 16:43:19.575605
124,17,Goku Knight,cost_per_impression,paused,8684,,2017-06-13 16:43:20.107369,2017-06-13 16:43:20.107369
125,17,Agent Meteorite,cost_per_impression,paused,3730,,2017-06-13 16:43:20.897606,2017-06-13 16:43:20.897606
126,17,Sentry Machine,cost_per_click,paused,1977,,2017-06-13 16:43:21.718739,2017-06-13 16:43:21.718739
127,17,Dark Gamora Dragon,cost_per_click,archived,2058,,2017-06-13 16:43:22.228115,2017-06-13 16:43:22.228115
387,51,Magnificent Spawn of Hearts,cost_per_click,running,9964,,2017-06-13 16:46:25.165964,2017-06-13 16:46:25.165964
388,51,Ego,cost_per_impression,paused,8143,,2017-06-13 16:46:25.750665,2017-06-13 16:46:25.750665
389,51,Captain Chamber Machine,cost_per_impression,running,9427,,2017-06-13 16:46:26.390212,2017-06-13 16:46:26.390212
390,51,Gamora X,cost_per_impression,running,6904,,2017-06-13 16:46:27.248341,2017-06-13 16:46:27.248341
391,51,Mr Cypher,cost_per_impression,running,3691,,2017-06-13 16:46:27.9122,2017-06-13 16:46:27.9122
392,51,Captain Ben,cost_per_click,running,5997,,2017-06-13 16:46:28.66143,2017-06-13 16:46:28.66143
115,16,Metallo,cost_per_click,running,4002,,2017-06-13 16:43:13.460539,2017-06-13 16:43:13.460539
116,16,Green Firebird Eyes,cost_per_click,running,6656,,2017-06-13 16:43:13.967202,2017-06-13 16:43:13.967202
117,16,Agent Triplicate,cost_per_click,archived,2822,,2017-06-13 16:43:14.731929,2017-06-13 16:43:14.731929
118,16,Loki,cost_per_impression,archived,6931,,2017-06-13 16:43:15.477971,2017-06-13 16:43:15.477971
119,16,Captain Sage,cost_per_click,running,8009,,2017-06-13 16:43:16.346434,2017-06-13 16:43:16.346434
120,16,Supah Namorita Lord,cost_per_impression,paused,4444,,2017-06-13 16:43:16.980317,2017-06-13 16:43:16.980317
121,16,Sentry,cost_per_impression,archived,2869,,2017-06-13 16:43:17.683338,2017-06-13 16:43:17.683338
269,36,Captain Ripcord,cost_per_impression,paused,6116,,2017-06-13 16:45:03.422378,2017-06-13 16:45:03.422378
270,36,Doctor Monarch the Fated,cost_per_click,running,3680,,2017-06-13 16:45:04.257022,2017-06-13 16:45:04.257022
271,36,Ultra Guardian XI,cost_per_impression,paused,9244,,2017-06-13 16:45:04.923244,2017-06-13 16:45:04.923244
272,36,General Bane the Hunter,cost_per_click,running,9906,,2017-06-13 16:45:05.624442,2017-06-13 16:45:05.624442
273,36,Sabretooth,cost_per_impression,paused,8396,,2017-06-13 16:45:06.114429,2017-06-13 16:45:06.114429
274,36,Wildfire,cost_per_impression,running,2329,,2017-06-13 16:45:06.62156,2017-06-13 16:45:06.62156
275,36,General Winter Soldier,cost_per_click,archived,201,,2017-06-13 16:45:07.42151,2017-06-13 16:45:07.42151
276,36,Doctor Mimic,cost_per_click,archived,8690,,2017-06-13 16:45:08.198883,2017-06-13 16:45:08.198883
277,36,Green Vanisher III,cost_per_click,running,3862,,2017-06-13 16:45:08.972324,2017-06-13 16:45:08.972324
137,19,Demogoblin,cost_per_impression,running,6772,,2017-06-13 16:43:29.676816,2017-06-13 16:43:29.676816
138,19,Elongated Man,cost_per_click,paused,2199,,2017-06-13 16:43:30.519543,2017-06-13 16:43:30.519543
139,19,Penguin,cost_per_click,running,2923,,2017-06-13 16:43:31.425442,2017-06-13 16:43:31.425442
140,19,The Predator Strange,cost_per_click,archived,7944,,2017-06-13 16:43:32.109244,2017-06-13 16:43:32.109244
141,19,Banshee Brain,cost_per_impression,archived,1017,,2017-06-13 16:43:32.677801,2017-06-13 16:43:32.677801
142,19,Luna Lord,cost_per_click,archived,2714,,2017-06-13 16:43:33.446634,2017-06-13 16:43:33.446634
143,19,Granny Goodness,cost_per_click,archived,8744,,2017-06-13 16:43:34.124727,2017-06-13 16:43:34.124727
415,55,Banshee Strange,cost_per_impression,archived,1948,,2017-06-13 16:46:44.322083,2017-06-13 16:46:44.322083
416,55,Niki Sanders,cost_per_click,paused,9299,,2017-06-13 16:46:44.805571,2017-06-13 16:46:44.805571
417,55,Agent Ripcord Lord,cost_per_click,archived,7673,,2017-06-13 16:46:45.287399,2017-06-13 16:46:45.287399
418,55,Giant Tigra Claw,cost_per_click,archived,9314,,2017-06-13 16:46:45.991026,2017-06-13 16:46:45.991026
419,55,Agent Punisher,cost_per_impression,running,7876,,2017-06-13 16:46:46.723631,2017-06-13 16:46:46.723631
420,55,Red War Machine II,cost_per_click,archived,612,,2017-06-13 16:46:47.338939,2017-06-13 16:46:47.338939
421,55,The She-Hulk Brain,cost_per_click,running,961,,2017-06-13 16:46:47.968215,2017-06-13 16:46:47.968215
422,55,Thor,cost_per_click,archived,5168,,2017-06-13 16:46:48.888372,2017-06-13 16:46:48.888372
489,64,Astro Boy Wolf,cost_per_impression,running,3880,,2017-06-13 16:47:35.988469,2017-06-13 16:47:35.988469
490,64,Watcher,cost_per_click,paused,1266,,2017-06-13 16:47:36.734691,2017-06-13 16:47:36.734691
491,64,Goliath,cost_per_click,running,7441,,2017-06-13 16:47:37.196805,2017-06-13 16:47:37.196805
492,64,Darkhawk of Hearts,cost_per_impression,archived,8672,,2017-06-13 16:47:37.682645,2017-06-13 16:47:37.682645
493,64,Cheetah Ivy,cost_per_impression,running,5685,,2017-06-13 16:47:38.319523,2017-06-13 16:47:38.319523
494,64,General Siren,cost_per_impression,running,2043,,2017-06-13 16:47:38.864941,2017-06-13 16:47:38.864941
495,64,Metallo,cost_per_click,archived,4062,,2017-06-13 16:47:39.575643,2017-06-13 16:47:39.575643
496,64,Magnificent Two-Face,cost_per_impression,archived,8616,,2017-06-13 16:47:40.449197,2017-06-13 16:47:40.449197
497,64,Moon Knight IX,cost_per_impression,paused,6083,,2017-06-13 16:47:41.173678,2017-06-13 16:47:41.173678
498,64,Bloodwraith Spirit,cost_per_impression,running,7215,,2017-06-13 16:47:41.641218,2017-06-13 16:47:41.641218
278,37,Magnificent Sentry,cost_per_impression,running,1026,,2017-06-13 16:45:09.898779,2017-06-13 16:45:09.898779
279,37,Cogliostro,cost_per_impression,running,7436,,2017-06-13 16:45:10.624954,2017-06-13 16:45:10.624954
280,37,Colin Wagner Strange,cost_per_click,running,1853,,2017-06-13 16:45:11.176336,2017-06-13 16:45:11.176336
281,37,Giant Mandarin,cost_per_impression,running,1720,,2017-06-13 16:45:11.910638,2017-06-13 16:45:11.910638
282,37,Buffy,cost_per_click,running,1056,,2017-06-13 16:45:12.676556,2017-06-13 16:45:12.676556
283,37,Beak X,cost_per_impression,running,8432,,2017-06-13 16:45:13.479057,2017-06-13 16:45:13.479057
284,37,Elongated Man,cost_per_click,archived,1548,,2017-06-13 16:45:13.98794,2017-06-13 16:45:13.98794
285,37,Illustrious Hawk Skull,cost_per_impression,paused,4601,,2017-06-13 16:45:14.500364,2017-06-13 16:45:14.500364
303,40,Speedball,cost_per_click,archived,956,,2017-06-13 16:45:28.333047,2017-06-13 16:45:28.333047
304,40,Triplicate,cost_per_click,archived,6051,,2017-06-13 16:45:29.018457,2017-06-13 16:45:29.018457
305,40,Supah Wasp,cost_per_click,archived,4528,,2017-06-13 16:45:29.83873,2017-06-13 16:45:29.83873
306,40,Impulse,cost_per_click,running,8066,,2017-06-13 16:45:30.463897,2017-06-13 16:45:30.463897
307,40,Thanos,cost_per_impression,running,6604,,2017-06-13 16:45:31.045119,2017-06-13 16:45:31.045119
308,40,Wolverine XI,cost_per_click,archived,6419,,2017-06-13 16:45:31.729992,2017-06-13 16:45:31.729992
309,40,Doctor Misfit,cost_per_click,paused,4439,,2017-06-13 16:45:32.278849,2017-06-13 16:45:32.278849
340,45,General Mera Strange,cost_per_click,archived,9158,,2017-06-13 16:45:54.059521,2017-06-13 16:45:54.059521
341,45,Green Giganta,cost_per_impression,archived,5136,,2017-06-13 16:45:54.837564,2017-06-13 16:45:54.837564
342,45,Supah Hancock,cost_per_impression,archived,6295,,2017-06-13 16:45:55.298561,2017-06-13 16:45:55.298561
343,45,Captain Niki Sanders X,cost_per_click,running,4292,,2017-06-13 16:45:55.964602,2017-06-13 16:45:55.964602
344,45,Cyborg Nathan Petrelli,cost_per_click,paused,6204,,2017-06-13 16:45:56.590097,2017-06-13 16:45:56.590097
345,45,Captain Jolt,cost_per_click,archived,7599,,2017-06-13 16:45:57.350135,2017-06-13 16:45:57.350135
499,65,Dark Aurora Brain,cost_per_click,running,8698,,2017-06-13 16:47:42.629234,2017-06-13 16:47:42.629234
500,65,Illustrious Shrinking Violet,cost_per_click,archived,5539,,2017-06-13 16:47:43.472769,2017-06-13 16:47:43.472769
501,65,Mr Huntress Claw,cost_per_click,archived,2892,,2017-06-13 16:47:44.072537,2017-06-13 16:47:44.072537
502,65,Doctor Lyja,cost_per_click,running,1749,,2017-06-13 16:47:44.785926,2017-06-13 16:47:44.785926
503,65,Magnificent Angel,cost_per_click,archived,7556,,2017-06-13 16:47:45.374296,2017-06-13 16:47:45.374296
504,65,Hobgoblin I,cost_per_click,paused,6214,,2017-06-13 16:47:46.035118,2017-06-13 16:47:46.035118
505,65,Phoenix IX,cost_per_impression,archived,7170,,2017-06-13 16:47:46.533758,2017-06-13 16:47:46.533758
506,65,Green Evilhawk,cost_per_click,running,4775,,2017-06-13 16:47:47.16832,2017-06-13 16:47:47.16832
507,65,Mr Phoenix,cost_per_click,archived,1215,,2017-06-13 16:47:47.635576,2017-06-13 16:47:47.635576
578,74,Mr Snowbird,cost_per_impression,running,9175,,2017-06-13 16:48:37.754342,2017-06-13 16:48:37.754342
579,74,Arclight,cost_per_click,archived,306,,2017-06-13 16:48:38.346314,2017-06-13 16:48:38.346314
580,74,Ares of Hearts,cost_per_impression,running,389,,2017-06-13 16:48:39.038887,2017-06-13 16:48:39.038887
581,74,The Destroyer Strike,cost_per_impression,paused,3224,,2017-06-13 16:48:39.727722,2017-06-13 16:48:39.727722
582,74,General Quill,cost_per_impression,archived,9232,,2017-06-13 16:48:40.488435,2017-06-13 16:48:40.488435
583,74,Red Shocker,cost_per_click,archived,4317,,2017-06-13 16:48:40.987565,2017-06-13 16:48:40.987565
584,74,Sentry,cost_per_impression,running,8949,,2017-06-13 16:48:41.545604,2017-06-13 16:48:41.545604
585,74,Zatanna Woman,cost_per_impression,running,5160,,2017-06-13 16:48:42.05133,2017-06-13 16:48:42.05133
586,74,Magnificent Ares Lord,cost_per_click,running,4899,,2017-06-13 16:48:42.770848,2017-06-13 16:48:42.770848
587,74,Dark Deadpool,cost_per_click,running,7093,,2017-06-13 16:48:43.500942,2017-06-13 16:48:43.500942
18,3,Red Siren,cost_per_click,paused,2065,,2017-06-13 16:42:03.79514,2017-06-13 16:42:03.79514
19,3,Titan the Fated,cost_per_impression,archived,7617,,2017-06-13 16:42:04.670896,2017-06-13 16:42:04.670896
20,3,Metamorpho,cost_per_click,paused,6950,,2017-06-13 16:42:05.56454,2017-06-13 16:42:05.56454
21,3,Mr Forge the Hunter,cost_per_impression,running,3085,,2017-06-13 16:42:06.326961,2017-06-13 16:42:06.326961
22,3,Supah Scorpia,cost_per_click,running,480,,2017-06-13 16:42:06.808002,2017-06-13 16:42:06.808002
23,3,Giant Maya Herrera,cost_per_impression,archived,8309,,2017-06-13 16:42:07.636385,2017-06-13 16:42:07.636385
24,3,Mandarin,cost_per_impression,archived,3492,,2017-06-13 16:42:08.215445,2017-06-13 16:42:08.215445
25,3,The Huntress,cost_per_click,paused,5367,,2017-06-13 16:42:08.748961,2017-06-13 16:42:08.748961
393,52,Doctor Loki Boy,cost_per_impression,running,3959,,2017-06-13 16:46:29.605262,2017-06-13 16:46:29.605262
394,52,Gladiator Thirteen,cost_per_impression,paused,8194,,2017-06-13 16:46:30.453891,2017-06-13 16:46:30.453891
395,52,Mr Impulse the Fated,cost_per_impression,running,7191,,2017-06-13 16:46:31.173668,2017-06-13 16:46:31.173668
396,52,Magnificent Winter Soldier,cost_per_click,running,4173,,2017-06-13 16:46:31.633406,2017-06-13 16:46:31.633406
397,52,Klaw,cost_per_impression,paused,238,,2017-06-13 16:46:32.185217,2017-06-13 16:46:32.185217
398,52,Deathlok Eyes,cost_per_impression,running,6490,,2017-06-13 16:46:32.856869,2017-06-13 16:46:32.856869
399,52,Darkstar,cost_per_impression,running,8179,,2017-06-13 16:46:33.381332,2017-06-13 16:46:33.381332
400,52,Ultra Ink X,cost_per_click,running,4270,,2017-06-13 16:46:33.883277,2017-06-13 16:46:33.883277
430,57,General Mockingbird Girl,cost_per_impression,archived,7717,,2017-06-13 16:46:54.644657,2017-06-13 16:46:54.644657
431,57,Captain Starfire II,cost_per_click,archived,1480,,2017-06-13 16:46:55.428737,2017-06-13 16:46:55.428737
432,57,Cyborg,cost_per_impression,archived,9541,,2017-06-13 16:46:55.922943,2017-06-13 16:46:55.922943
433,57,Magnificent Boomer Lord,cost_per_click,archived,1721,,2017-06-13 16:46:56.716189,2017-06-13 16:46:56.716189
434,57,Illustrious Hulk Wolf,cost_per_impression,paused,4131,,2017-06-13 16:46:57.391425,2017-06-13 16:46:57.391425
435,57,Spyke Lord,cost_per_click,running,2641,,2017-06-13 16:46:58.198435,2017-06-13 16:46:58.198435
436,57,Darkseid IX,cost_per_impression,running,2241,,2017-06-13 16:46:58.877542,2017-06-13 16:46:58.877542
437,57,Gardner,cost_per_impression,paused,4106,,2017-06-13 16:46:59.727993,2017-06-13 16:46:59.727993
438,57,Energy,cost_per_click,running,5247,,2017-06-13 16:47:00.267399,2017-06-13 16:47:00.267399
474,62,Clea Boy,cost_per_impression,paused,9109,,2017-06-13 16:47:25.461399,2017-06-13 16:47:25.461399
475,62,Magnificent Tempest,cost_per_click,running,8738,,2017-06-13 16:47:26.296303,2017-06-13 16:47:26.296303
476,62,Doc Samson,cost_per_click,archived,9232,,2017-06-13 16:47:27.097073,2017-06-13 16:47:27.097073
477,62,Chameleon Lord,cost_per_impression,paused,2425,,2017-06-13 16:47:27.734109,2017-06-13 16:47:27.734109
478,62,Ultra Synch Boy,cost_per_impression,archived,6032,,2017-06-13 16:47:28.259799,2017-06-13 16:47:28.259799
479,62,Banshee Dragon,cost_per_click,archived,392,,2017-06-13 16:47:28.943403,2017-06-13 16:47:28.943403
480,62,Ultra She-Hulk,cost_per_impression,paused,6904,,2017-06-13 16:47:29.508417,2017-06-13 16:47:29.508417
206,28,Chromos,cost_per_click,archived,6150,,2017-06-13 16:44:19.520761,2017-06-13 16:44:19.520761
207,28,Captain Mysterio,cost_per_click,running,2456,,2017-06-13 16:44:20.381212,2017-06-13 16:44:20.381212
208,28,Guardian Strange,cost_per_impression,paused,1142,,2017-06-13 16:44:21.341096,2017-06-13 16:44:21.341096
209,28,Captain Falcon Boy,cost_per_impression,paused,1360,,2017-06-13 16:44:22.216461,2017-06-13 16:44:22.216461
210,28,Supah Overtkill,cost_per_click,running,6676,,2017-06-13 16:44:22.959784,2017-06-13 16:44:22.959784
211,28,Onslaught IX,cost_per_click,archived,4122,,2017-06-13 16:44:23.731984,2017-06-13 16:44:23.731984
212,28,Warlock,cost_per_click,archived,4932,,2017-06-13 16:44:24.381905,2017-06-13 16:44:24.381905
346,46,Penguin,cost_per_impression,archived,7311,,2017-06-13 16:45:58.021174,2017-06-13 16:45:58.021174
347,46,Jubilee,cost_per_click,paused,4982,,2017-06-13 16:45:58.684956,2017-06-13 16:45:58.684956
348,46,Ultra Rogue Brain,cost_per_click,archived,5046,,2017-06-13 16:45:59.397003,2017-06-13 16:45:59.397003
349,46,Blob,cost_per_click,archived,1074,,2017-06-13 16:45:59.893252,2017-06-13 16:45:59.893252
350,46,Firelord,cost_per_click,paused,4607,,2017-06-13 16:46:00.769468,2017-06-13 16:46:00.769468
351,46,Magnificent Magog Brain,cost_per_impression,running,9278,,2017-06-13 16:46:01.42269,2017-06-13 16:46:01.42269
352,46,Redeemer Girl,cost_per_impression,paused,1252,,2017-06-13 16:46:02.092122,2017-06-13 16:46:02.092122
43,6,Mystique Brain,cost_per_click,paused,1342,,2017-06-13 16:42:22.534609,2017-06-13 16:42:22.534609
44,6,Mr Doomsday Brain,cost_per_impression,paused,1958,,2017-06-13 16:42:23.293625,2017-06-13 16:42:23.293625
45,6,Ultra Monarch,cost_per_click,archived,5374,,2017-06-13 16:42:23.775571,2017-06-13 16:42:23.775571
46,6,Supah Curse,cost_per_click,running,7865,,2017-06-13 16:42:24.331765,2017-06-13 16:42:24.331765
47,6,Thing,cost_per_impression,running,2707,,2017-06-13 16:42:25.374042,2017-06-13 16:42:25.374042
48,6,Red Colin Wagner,cost_per_click,paused,9873,,2017-06-13 16:42:26.172275,2017-06-13 16:42:26.172275
49,6,Green Speedball,cost_per_click,archived,1032,,2017-06-13 16:42:27.047698,2017-06-13 16:42:27.047698
50,6,Boom Boom I,cost_per_impression,archived,9896,,2017-06-13 16:42:27.792139,2017-06-13 16:42:27.792139
286,38,Genesis,cost_per_click,running,5418,,2017-06-13 16:45:15.526207,2017-06-13 16:45:15.526207
287,38,Bushido,cost_per_impression,archived,5717,,2017-06-13 16:45:16.375038,2017-06-13 16:45:16.375038
288,38,Shrinking Violet III,cost_per_click,running,3773,,2017-06-13 16:45:17.178811,2017-06-13 16:45:17.178811
289,38,Captain Hercules,cost_per_impression,running,3653,,2017-06-13 16:45:17.909442,2017-06-13 16:45:17.909442
290,38,Cerebra,cost_per_impression,paused,3034,,2017-06-13 16:45:18.70887,2017-06-13 16:45:18.70887
291,38,She-Thing I,cost_per_impression,archived,6898,,2017-06-13 16:45:19.234552,2017-06-13 16:45:19.234552
292,38,Namorita,cost_per_impression,paused,9378,,2017-06-13 16:45:19.948671,2017-06-13 16:45:19.948671
293,38,Mr Space Ghost Thirteen,cost_per_impression,paused,4618,,2017-06-13 16:45:20.491267,2017-06-13 16:45:20.491267
508,66,Illustrious Frenzy,cost_per_impression,paused,5286,,2017-06-13 16:47:48.577739,2017-06-13 16:47:48.577739
509,66,Renata Soliz Wolf,cost_per_impression,running,1729,,2017-06-13 16:47:49.284577,2017-06-13 16:47:49.284577
510,66,Agent Goblin Queen II,cost_per_impression,archived,4698,,2017-06-13 16:47:49.858933,2017-06-13 16:47:49.858933
511,66,Green Redeemer III,cost_per_impression,paused,5816,,2017-06-13 16:47:50.501359,2017-06-13 16:47:50.501359
512,66,General Gog Thirteen,cost_per_click,archived,4679,,2017-06-13 16:47:50.977354,2017-06-13 16:47:50.977354
513,66,Giant Curse,cost_per_click,running,2630,,2017-06-13 16:47:51.838593,2017-06-13 16:47:51.838593
514,66,Doctor Speedball,cost_per_impression,archived,3437,,2017-06-13 16:47:52.404405,2017-06-13 16:47:52.404405
515,66,Moon Knight Machine,cost_per_impression,running,1120,,2017-06-13 16:47:52.847355,2017-06-13 16:47:52.847355
551,71,Longshot,cost_per_impression,running,1010,,2017-06-13 16:48:17.728786,2017-06-13 16:48:17.728786
552,71,Doctor Blink,cost_per_click,running,1788,,2017-06-13 16:48:18.208075,2017-06-13 16:48:18.208075
553,71,Giant Ghost Wolf,cost_per_impression,archived,4116,,2017-06-13 16:48:19.004924,2017-06-13 16:48:19.004924
554,71,Supah Mystique,cost_per_impression,running,9185,,2017-06-13 16:48:19.641213,2017-06-13 16:48:19.641213
555,71,Wolverine Claw,cost_per_click,archived,5315,,2017-06-13 16:48:20.292561,2017-06-13 16:48:20.292561
556,71,Vindicator XI,cost_per_click,paused,925,,2017-06-13 16:48:21.045745,2017-06-13 16:48:21.045745
557,71,Abomination II,cost_per_impression,paused,8139,,2017-06-13 16:48:21.887511,2017-06-13 16:48:21.887511
558,71,Speedball Wolf,cost_per_click,running,1372,,2017-06-13 16:48:22.709958,2017-06-13 16:48:22.709958
559,71,Bolt Knight,cost_per_click,archived,7979,,2017-06-13 16:48:23.595376,2017-06-13 16:48:23.595376
560,71,General Bullseye,cost_per_impression,archived,1005,,2017-06-13 16:48:24.260918,2017-06-13 16:48:24.260918
568,73,Frenzy,cost_per_click,paused,2228,,2017-06-13 16:48:29.926632,2017-06-13 16:48:29.926632
569,73,General Alien,cost_per_click,paused,2525,,2017-06-13 16:48:30.712712,2017-06-13 16:48:30.712712
570,73,Vagabond Man,cost_per_impression,paused,9009,,2017-06-13 16:48:31.309846,2017-06-13 16:48:31.309846
571,73,Mandarin Claw,cost_per_click,paused,9637,,2017-06-13 16:48:32.106753,2017-06-13 16:48:32.106753
572,73,Dark Siryn,cost_per_impression,paused,8505,,2017-06-13 16:48:32.924134,2017-06-13 16:48:32.924134
573,73,Hancock III,cost_per_click,archived,2505,,2017-06-13 16:48:33.994437,2017-06-13 16:48:33.994437
574,73,Giant Metallo Ivy,cost_per_click,archived,4501,,2017-06-13 16:48:34.466908,2017-06-13 16:48:34.466908
575,73,Garbage Wolf,cost_per_click,running,5437,,2017-06-13 16:48:35.142032,2017-06-13 16:48:35.142032
576,73,Overtkill IX,cost_per_impression,paused,3485,,2017-06-13 16:48:35.966034,2017-06-13 16:48:35.966034
577,73,She-Thing Strange,cost_per_click,archived,1969,,2017-06-13 16:48:36.605196,2017-06-13 16:48:36.605196
151,21,The Hybrid Strike,cost_per_click,paused,4893,,2017-06-13 16:43:40.087175,2017-06-13 16:43:40.087175
152,21,Omniscient,cost_per_click,running,3989,,2017-06-13 16:43:40.778369,2017-06-13 16:43:40.778369
153,21,Siren Girl,cost_per_impression,paused,2077,,2017-06-13 16:43:41.36616,2017-06-13 16:43:41.36616
154,21,Red Ajax,cost_per_impression,paused,1577,,2017-06-13 16:43:42.25974,2017-06-13 16:43:42.25974
155,21,Agent Brainiac Man,cost_per_impression,archived,9344,,2017-06-13 16:43:42.986288,2017-06-13 16:43:42.986288
156,21,Magnificent Silk,cost_per_click,paused,4131,,2017-06-13 16:43:43.809524,2017-06-13 16:43:43.809524
157,21,Jolt,cost_per_click,running,3657,,2017-06-13 16:43:44.491005,2017-06-13 16:43:44.491005
255,34,Clea Machine,cost_per_impression,running,1902,,2017-06-13 16:44:54.474674,2017-06-13 16:44:54.474674
256,34,Elektra,cost_per_click,paused,9281,,2017-06-13 16:44:55.000687,2017-06-13 16:44:55.000687
257,34,Mr Beetle Skull,cost_per_click,archived,8324,,2017-06-13 16:44:55.502712,2017-06-13 16:44:55.502712
258,34,Punisher,cost_per_click,running,3440,,2017-06-13 16:44:56.078284,2017-06-13 16:44:56.078284
259,34,Dark Speedball Strike,cost_per_impression,paused,4006,,2017-06-13 16:44:56.758685,2017-06-13 16:44:56.758685
260,34,Scorpion XI,cost_per_click,archived,8516,,2017-06-13 16:44:57.783129,2017-06-13 16:44:57.783129
261,34,Cyborg Leech III,cost_per_impression,archived,1801,,2017-06-13 16:44:58.267671,2017-06-13 16:44:58.267671
541,70,Boom Boom II,cost_per_impression,running,4783,,2017-06-13 16:48:11.242419,2017-06-13 16:48:11.242419
542,70,Nina Theroux the Fated,cost_per_click,paused,5820,,2017-06-13 16:48:11.924095,2017-06-13 16:48:11.924095
543,70,Dark Ronin Brain,cost_per_impression,running,2363,,2017-06-13 16:48:12.650865,2017-06-13 16:48:12.650865
544,70,Magnificent Colossus,cost_per_impression,paused,269,,2017-06-13 16:48:13.271271,2017-06-13 16:48:13.271271
545,70,Giant Leech,cost_per_click,running,3630,,2017-06-13 16:48:14.094157,2017-06-13 16:48:14.094157
546,70,Demogoblin Wolf,cost_per_impression,paused,4363,,2017-06-13 16:48:14.954496,2017-06-13 16:48:14.954496
547,70,Blob Fist,cost_per_click,paused,7799,,2017-06-13 16:48:15.446578,2017-06-13 16:48:15.446578
548,70,Moonstone Strange,cost_per_impression,archived,8532,,2017-06-13 16:48:16.06121,2017-06-13 16:48:16.06121
549,70,Doctor Deathstroke III,cost_per_impression,archived,8726,,2017-06-13 16:48:16.616781,2017-06-13 16:48:16.616781
550,70,Mr Penance,cost_per_impression,paused,4998,,2017-06-13 16:48:17.060056,2017-06-13 16:48:17.060056
294,39,Watcher,cost_per_impression,archived,252,,2017-06-13 16:45:21.402306,2017-06-13 16:45:21.402306
295,39,Triton,cost_per_click,paused,9113,,2017-06-13 16:45:22.127718,2017-06-13 16:45:22.127718
296,39,Leech,cost_per_impression,paused,810,,2017-06-13 16:45:22.865855,2017-06-13 16:45:22.865855
297,39,Agent Apocalypse,cost_per_click,archived,500,,2017-06-13 16:45:23.746503,2017-06-13 16:45:23.746503
298,39,Krypto of Hearts,cost_per_click,paused,8439,,2017-06-13 16:45:24.571746,2017-06-13 16:45:24.571746
299,39,Cyborg Bushido,cost_per_impression,running,7099,,2017-06-13 16:45:25.29949,2017-06-13 16:45:25.29949
300,39,Omega Red,cost_per_impression,paused,5773,,2017-06-13 16:45:26.002127,2017-06-13 16:45:26.002127
301,39,Magnificent Hybrid Dragon,cost_per_click,archived,8757,,2017-06-13 16:45:26.772951,2017-06-13 16:45:26.772951
302,39,General Havok the Fated,cost_per_click,paused,8394,,2017-06-13 16:45:27.379388,2017-06-13 16:45:27.379388
371,49,Green Leader,cost_per_click,paused,5460,,2017-06-13 16:46:14.441707,2017-06-13 16:46:14.441707
372,49,Doppelganger Brain,cost_per_impression,running,5826,,2017-06-13 16:46:15.091765,2017-06-13 16:46:15.091765
373,49,Ultra Renata Soliz Lord,cost_per_impression,archived,9459,,2017-06-13 16:46:15.878886,2017-06-13 16:46:15.878886
374,49,Thor the Hunter,cost_per_click,archived,3093,,2017-06-13 16:46:16.489225,2017-06-13 16:46:16.489225
375,49,Cyborg Justice,cost_per_click,paused,8231,,2017-06-13 16:46:17.345338,2017-06-13 16:46:17.345338
376,49,Doctor Shang-Chi IX,cost_per_click,running,6112,,2017-06-13 16:46:17.90762,2017-06-13 16:46:17.90762
377,49,Boomer,cost_per_impression,running,4527,,2017-06-13 16:46:18.379051,2017-06-13 16:46:18.379051
378,49,Aurora,cost_per_click,paused,1549,,2017-06-13 16:46:18.887219,2017-06-13 16:46:18.887219
379,49,Klaw Woman,cost_per_impression,paused,2419,,2017-06-13 16:46:19.813242,2017-06-13 16:46:19.813242
91,13,Giant Match Fist,cost_per_click,running,3130,,2017-06-13 16:42:57.041067,2017-06-13 16:42:57.041067
92,13,Agent Justice,cost_per_click,archived,7745,,2017-06-13 16:42:57.785984,2017-06-13 16:42:57.785984
93,13,Giganta Brain,cost_per_impression,paused,9355,,2017-06-13 16:42:58.546345,2017-06-13 16:42:58.546345
94,13,Molten Man,cost_per_click,running,290,,2017-06-13 16:42:59.063081,2017-06-13 16:42:59.063081
95,13,Valkyrie Dragon,cost_per_click,archived,6637,,2017-06-13 16:42:59.69573,2017-06-13 16:42:59.69573
96,13,Frenzy,cost_per_impression,paused,2677,,2017-06-13 16:43:00.282506,2017-06-13 16:43:00.282506
97,13,Buffy,cost_per_click,running,2209,,2017-06-13 16:43:00.993435,2017-06-13 16:43:00.993435
98,13,The Garbage Skull,cost_per_click,paused,2876,,2017-06-13 16:43:01.841731,2017-06-13 16:43:01.841731
99,13,Cyclops Thirteen,cost_per_click,archived,539,,2017-06-13 16:43:02.668485,2017-06-13 16:43:02.668485
100,13,Hulk III,cost_per_click,running,2373,,2017-06-13 16:43:03.252152,2017-06-13 16:43:03.252152
328,43,Magnificent Bumblebee Claw,cost_per_impression,paused,3238,,2017-06-13 16:45:44.902342,2017-06-13 16:45:44.902342
329,43,Boom Boom,cost_per_click,running,3422,,2017-06-13 16:45:45.569108,2017-06-13 16:45:45.569108
330,43,Hulk,cost_per_click,running,7314,,2017-06-13 16:45:46.315179,2017-06-13 16:45:46.315179
331,43,Dark Elongated Man Ivy,cost_per_click,archived,2240,,2017-06-13 16:45:47.104173,2017-06-13 16:45:47.104173
332,43,Supah Arachne,cost_per_impression,paused,7837,,2017-06-13 16:45:47.639716,2017-06-13 16:45:47.639716
333,43,Dark Flash,cost_per_click,archived,1512,,2017-06-13 16:45:48.300046,2017-06-13 16:45:48.300046
423,56,Vibe Girl,cost_per_click,running,6422,,2017-06-13 16:46:49.947931,2017-06-13 16:46:49.947931
424,56,Falcon,cost_per_impression,running,8040,,2017-06-13 16:46:50.74898,2017-06-13 16:46:50.74898
425,56,Trickster Brain,cost_per_click,archived,9892,,2017-06-13 16:46:51.329683,2017-06-13 16:46:51.329683
426,56,The Namor Thirteen,cost_per_impression,running,3087,,2017-06-13 16:46:51.959359,2017-06-13 16:46:51.959359
427,56,Agent Magus Strange,cost_per_click,running,2737,,2017-06-13 16:46:52.532554,2017-06-13 16:46:52.532554
428,56,Azrael,cost_per_click,archived,3970,,2017-06-13 16:46:53.312996,2017-06-13 16:46:53.312996
429,56,Proto-Goblin Brain,cost_per_impression,archived,1863,,2017-06-13 16:46:53.789888,2017-06-13 16:46:53.789888
8,2,Meltdown of Hearts,cost_per_impression,paused,4293,,2017-06-13 16:41:57.24128,2017-06-13 16:41:57.24128
9,2,Bloodaxe I,cost_per_click,running,5130,,2017-06-13 16:41:57.770862,2017-06-13 16:41:57.770862
10,2,Blink Claw,cost_per_impression,archived,1374,,2017-06-13 16:41:58.319465,2017-06-13 16:41:58.319465
11,2,Electro Wolf,cost_per_impression,running,7194,,2017-06-13 16:41:59.053908,2017-06-13 16:41:59.053908
12,2,Polaris,cost_per_impression,paused,4748,,2017-06-13 16:41:59.553231,2017-06-13 16:41:59.553231
13,2,Omega Red,cost_per_click,paused,748,,2017-06-13 16:42:00.19296,2017-06-13 16:42:00.19296
14,2,Spawn,cost_per_click,archived,5445,,2017-06-13 16:42:01.064903,2017-06-13 16:42:01.064903
15,2,Blink,cost_per_click,archived,3643,,2017-06-13 16:42:01.564672,2017-06-13 16:42:01.564672
16,2,Spectre Fist,cost_per_click,running,3841,,2017-06-13 16:42:02.320521,2017-06-13 16:42:02.320521
17,2,Carnage Knight,cost_per_impression,paused,7221,,2017-06-13 16:42:03.006055,2017-06-13 16:42:03.006055
238,32,Plastique,cost_per_impression,running,2656,,2017-06-13 16:44:42.005814,2017-06-13 16:44:42.005814
239,32,Quantum,cost_per_impression,running,7347,,2017-06-13 16:44:42.700025,2017-06-13 16:44:42.700025
240,32,Triplicate X,cost_per_impression,running,8609,,2017-06-13 16:44:43.466047,2017-06-13 16:44:43.466047
241,32,Red Doc Samson III,cost_per_click,archived,8751,,2017-06-13 16:44:44.178637,2017-06-13 16:44:44.178637
242,32,Iron Fist Dragon,cost_per_click,paused,3986,,2017-06-13 16:44:44.951309,2017-06-13 16:44:44.951309
243,32,Yellow,cost_per_impression,running,7724,,2017-06-13 16:44:45.509407,2017-06-13 16:44:45.509407
244,32,Moon Knight IX,cost_per_impression,running,9280,,2017-06-13 16:44:46.235172,2017-06-13 16:44:46.235172
245,32,Giant Ultron,cost_per_click,archived,5807,,2017-06-13 16:44:46.978114,2017-06-13 16:44:46.978114
246,32,Polaris Woman,cost_per_impression,running,9687,,2017-06-13 16:44:47.718451,2017-06-13 16:44:47.718451
353,47,Magnificent Hollow,cost_per_impression,paused,1076,,2017-06-13 16:46:02.717308,2017-06-13 16:46:02.717308
354,47,Mr Loki,cost_per_impression,archived,5511,,2017-06-13 16:46:03.305217,2017-06-13 16:46:03.305217
355,47,Illustrious Martian Manhunter the Fated,cost_per_impression,running,3907,,2017-06-13 16:46:03.788458,2017-06-13 16:46:03.788458
356,47,Warpath Boy,cost_per_impression,running,6187,,2017-06-13 16:46:04.303518,2017-06-13 16:46:04.303518
357,47,Luna,cost_per_click,paused,5457,,2017-06-13 16:46:05.038366,2017-06-13 16:46:05.038366
358,47,General Rocket Raccoon of Hearts,cost_per_impression,archived,9605,,2017-06-13 16:46:05.663181,2017-06-13 16:46:05.663181
359,47,Ultra Rocket Raccoon,cost_per_click,running,170,,2017-06-13 16:46:06.415712,2017-06-13 16:46:06.415712
360,47,Aqualad,cost_per_impression,paused,1359,,2017-06-13 16:46:07.054334,2017-06-13 16:46:07.054334
361,47,Giant Violator the Hunter,cost_per_impression,archived,4117,,2017-06-13 16:46:07.61156,2017-06-13 16:46:07.61156
197,27,Doctor Tigra,cost_per_click,archived,432,,2017-06-13 16:44:13.360593,2017-06-13 16:44:13.360593
198,27,Red Metron,cost_per_impression,paused,1740,,2017-06-13 16:44:13.836077,2017-06-13 16:44:13.836077
199,27,Red Arclight Strange,cost_per_click,running,3989,,2017-06-13 16:44:14.295926,2017-06-13 16:44:14.295926
200,27,Doppelganger,cost_per_click,archived,7093,,2017-06-13 16:44:15.012114,2017-06-13 16:44:15.012114
201,27,Namor Spirit,cost_per_click,paused,7455,,2017-06-13 16:44:15.527404,2017-06-13 16:44:15.527404
202,27,General Wyatt Wingfoot,cost_per_impression,paused,959,,2017-06-13 16:44:16.119151,2017-06-13 16:44:16.119151
203,27,Violator Brain,cost_per_impression,paused,1780,,2017-06-13 16:44:16.944983,2017-06-13 16:44:16.944983
204,27,Agent Cable Thirteen,cost_per_impression,paused,3017,,2017-06-13 16:44:17.516641,2017-06-13 16:44:17.516641
205,27,General Scorpion X,cost_per_impression,paused,7581,,2017-06-13 16:44:18.372324,2017-06-13 16:44:18.372324
439,58,Ultra Brainiac,cost_per_impression,archived,2797,,2017-06-13 16:47:01.231841,2017-06-13 16:47:01.231841
440,58,Red Rhino Boy,cost_per_impression,running,527,,2017-06-13 16:47:02.131493,2017-06-13 16:47:02.131493
441,58,White Queen Ivy,cost_per_impression,paused,5697,,2017-06-13 16:47:03.051931,2017-06-13 16:47:03.051931
442,58,Synch Man,cost_per_impression,paused,4801,,2017-06-13 16:47:03.510156,2017-06-13 16:47:03.510156
443,58,Box Boy,cost_per_impression,paused,2102,,2017-06-13 16:47:04.009546,2017-06-13 16:47:04.009546
444,58,Green Apocalypse,cost_per_click,archived,200,,2017-06-13 16:47:04.553644,2017-06-13 16:47:04.553644
445,58,Green Blade X,cost_per_impression,archived,2726,,2017-06-13 16:47:05.321698,2017-06-13 16:47:05.321698
446,58,Magnificent Maxima III,cost_per_impression,running,7812,,2017-06-13 16:47:05.983993,2017-06-13 16:47:05.983993
447,58,Red Beetle,cost_per_impression,archived,3107,,2017-06-13 16:47:06.494366,2017-06-13 16:47:06.494366
448,58,Spyke Ivy,cost_per_click,running,6328,,2017-06-13 16:47:07.148514,2017-06-13 16:47:07.148514
310,41,Misfit Ivy,cost_per_impression,running,580,,2017-06-13 16:45:32.954285,2017-06-13 16:45:32.954285
311,41,Giant Magus,cost_per_click,archived,1940,,2017-06-13 16:45:33.494131,2017-06-13 16:45:33.494131
312,41,Rambo,cost_per_click,running,5579,,2017-06-13 16:45:34.159811,2017-06-13 16:45:34.159811
313,41,Snowbird Thirteen,cost_per_click,archived,9499,,2017-06-13 16:45:34.663705,2017-06-13 16:45:34.663705
314,41,General Tiger Shark Lord,cost_per_impression,archived,3500,,2017-06-13 16:45:35.338754,2017-06-13 16:45:35.338754
315,41,Omniscient Brain,cost_per_impression,archived,2505,,2017-06-13 16:45:35.796659,2017-06-13 16:45:35.796659
316,41,Redeemer Strange,cost_per_click,paused,3655,,2017-06-13 16:45:36.261568,2017-06-13 16:45:36.261568
317,41,Doctor Sif,cost_per_impression,archived,4907,,2017-06-13 16:45:36.745231,2017-06-13 16:45:36.745231
318,41,Feral Strange,cost_per_click,paused,4749,,2017-06-13 16:45:37.347407,2017-06-13 16:45:37.347407
319,42,Toad Brain,cost_per_impression,archived,3777,,2017-06-13 16:45:38.099378,2017-06-13 16:45:38.099378
320,42,Apocalypse,cost_per_impression,paused,5526,,2017-06-13 16:45:38.638509,2017-06-13 16:45:38.638509
321,42,Mystique Skull,cost_per_impression,paused,2709,,2017-06-13 16:45:39.228419,2017-06-13 16:45:39.228419
322,42,Destroyer,cost_per_click,paused,1026,,2017-06-13 16:45:39.958661,2017-06-13 16:45:39.958661
323,42,Ultra Gorilla Grodd,cost_per_click,running,4664,,2017-06-13 16:45:40.797745,2017-06-13 16:45:40.797745
324,42,Hope Summers Ivy,cost_per_click,paused,5037,,2017-06-13 16:45:41.690933,2017-06-13 16:45:41.690933
325,42,Shang-Chi,cost_per_impression,archived,4678,,2017-06-13 16:45:42.591939,2017-06-13 16:45:42.591939
326,42,Steel,cost_per_impression,archived,2746,,2017-06-13 16:45:43.336388,2017-06-13 16:45:43.336388
327,42,Hercules,cost_per_impression,archived,9648,,2017-06-13 16:45:44.250857,2017-06-13 16:45:44.250857
66,9,Scorpia,cost_per_impression,paused,2739,,2017-06-13 16:42:39.162041,2017-06-13 16:42:39.162041
67,9,The Thunderbird Woman,cost_per_click,archived,1398,,2017-06-13 16:42:40.038286,2017-06-13 16:42:40.038286
68,9,Mephisto Machine,cost_per_impression,archived,1022,,2017-06-13 16:42:40.639075,2017-06-13 16:42:40.639075
69,9,Red Garbage Woman,cost_per_impression,archived,6869,,2017-06-13 16:42:41.274053,2017-06-13 16:42:41.274053
70,9,Silk Woman,cost_per_impression,paused,4446,,2017-06-13 16:42:41.904926,2017-06-13 16:42:41.904926
71,9,Red Corsair,cost_per_click,paused,9500,,2017-06-13 16:42:42.840018,2017-06-13 16:42:42.840018
166,23,Silk Knight,cost_per_click,paused,6845,,2017-06-13 16:43:51.465211,2017-06-13 16:43:51.465211
167,23,Jolt the Fated,cost_per_click,running,310,,2017-06-13 16:43:52.21759,2017-06-13 16:43:52.21759
168,23,Loki,cost_per_click,archived,2428,,2017-06-13 16:43:52.772751,2017-06-13 16:43:52.772751
169,23,Dark Darkside,cost_per_impression,paused,2863,,2017-06-13 16:43:53.299126,2017-06-13 16:43:53.299126
170,23,Captain Astro Boy,cost_per_click,archived,306,,2017-06-13 16:43:54.071183,2017-06-13 16:43:54.071183
171,23,Bomb Queen IX,cost_per_impression,running,1202,,2017-06-13 16:43:54.875941,2017-06-13 16:43:54.875941
223,30,Ripcord Boy,cost_per_impression,archived,4354,,2017-06-13 16:44:32.048203,2017-06-13 16:44:32.048203
224,30,Chuck Norris Wolf,cost_per_impression,paused,5980,,2017-06-13 16:44:32.802132,2017-06-13 16:44:32.802132
225,30,Mr Bizarro Knight,cost_per_impression,archived,1969,,2017-06-13 16:44:33.367176,2017-06-13 16:44:33.367176
226,30,Angel I,cost_per_impression,running,9722,,2017-06-13 16:44:33.959317,2017-06-13 16:44:33.959317
227,30,Giant Warpath,cost_per_click,running,3209,,2017-06-13 16:44:34.503342,2017-06-13 16:44:34.503342
228,30,Magneto,cost_per_click,running,7129,,2017-06-13 16:44:35.095217,2017-06-13 16:44:35.095217
229,30,Cyborg Hulk XI,cost_per_impression,running,2076,,2017-06-13 16:44:35.658727,2017-06-13 16:44:35.658727
230,30,Darkside Brain,cost_per_impression,archived,2008,,2017-06-13 16:44:36.227416,2017-06-13 16:44:36.227416
158,22,Dark Bishop,cost_per_click,paused,2384,,2017-06-13 16:43:45.626455,2017-06-13 16:43:45.626455
159,22,Doctor Wildfire,cost_per_impression,paused,9833,,2017-06-13 16:43:46.514376,2017-06-13 16:43:46.514376
160,22,Genesis IX,cost_per_impression,paused,2591,,2017-06-13 16:43:47.258325,2017-06-13 16:43:47.258325
161,22,Hollow the Fated,cost_per_click,paused,4961,,2017-06-13 16:43:48.185471,2017-06-13 16:43:48.185471
162,22,Doctor Kool-Aid Man,cost_per_impression,archived,9680,,2017-06-13 16:43:48.775388,2017-06-13 16:43:48.775388
163,22,Metamorpho,cost_per_impression,running,3887,,2017-06-13 16:43:49.317072,2017-06-13 16:43:49.317072
164,22,Lizard Ivy,cost_per_click,archived,433,,2017-06-13 16:43:50.000264,2017-06-13 16:43:50.000264
165,22,Ultra Molten Man Brain,cost_per_click,archived,3152,,2017-06-13 16:43:50.751226,2017-06-13 16:43:50.751226
449,59,Molten Man,cost_per_impression,paused,9789,,2017-06-13 16:47:07.87506,2017-06-13 16:47:07.87506
450,59,Dark Colin Wagner Brain,cost_per_impression,running,7326,,2017-06-13 16:47:08.464857,2017-06-13 16:47:08.464857
451,59,Doctor Exodus II,cost_per_click,paused,7804,,2017-06-13 16:47:09.153223,2017-06-13 16:47:09.153223
452,59,Metron Eyes,cost_per_impression,running,5945,,2017-06-13 16:47:09.95273,2017-06-13 16:47:09.95273
453,59,Agent Martian Manhunter X,cost_per_click,paused,5921,,2017-06-13 16:47:10.65767,2017-06-13 16:47:10.65767
454,59,Supah Carnage,cost_per_click,archived,4329,,2017-06-13 16:47:11.494356,2017-06-13 16:47:11.494356
455,59,Ripcord,cost_per_click,paused,6286,,2017-06-13 16:47:12.010306,2017-06-13 16:47:12.010306
561,72,Supah Lyja Eyes,cost_per_impression,paused,6017,,2017-06-13 16:48:24.962085,2017-06-13 16:48:24.962085
562,72,Rick Flag Dragon,cost_per_click,archived,7732,,2017-06-13 16:48:25.621923,2017-06-13 16:48:25.621923
563,72,Archangel XI,cost_per_click,running,4183,,2017-06-13 16:48:26.269063,2017-06-13 16:48:26.269063
564,72,Monarch,cost_per_impression,running,2141,,2017-06-13 16:48:26.859886,2017-06-13 16:48:26.859886
565,72,Mandarin,cost_per_impression,paused,9825,,2017-06-13 16:48:27.436224,2017-06-13 16:48:27.436224
566,72,Red Zatanna Woman,cost_per_click,archived,4286,,2017-06-13 16:48:28.304188,2017-06-13 16:48:28.304188
567,72,Supah Wolfsbane,cost_per_click,paused,2470,,2017-06-13 16:48:28.999866,2017-06-13 16:48:28.999866
79,11,Gravity,cost_per_click,paused,8512,,2017-06-13 16:42:48.5613,2017-06-13 16:42:48.5613
80,11,Illustrious Two-Face,cost_per_impression,paused,4522,,2017-06-13 16:42:49.190924,2017-06-13 16:42:49.190924
81,11,Red Abomination,cost_per_impression,running,7441,,2017-06-13 16:42:49.966074,2017-06-13 16:42:49.966074
82,11,War Machine Lord,cost_per_impression,archived,1343,,2017-06-13 16:42:50.632816,2017-06-13 16:42:50.632816
83,11,Curse,cost_per_impression,archived,5370,,2017-06-13 16:42:51.296117,2017-06-13 16:42:51.296117
84,11,Green Atlas Boy,cost_per_click,running,1686,,2017-06-13 16:42:52.055283,2017-06-13 16:42:52.055283
85,12,Spyke,cost_per_impression,archived,9386,,2017-06-13 16:42:52.756507,2017-06-13 16:42:52.756507
86,12,Gamora Wolf,cost_per_click,archived,6521,,2017-06-13 16:42:53.412899,2017-06-13 16:42:53.412899
87,12,Beak II,cost_per_impression,paused,5029,,2017-06-13 16:42:54.070339,2017-06-13 16:42:54.070339
88,12,Supah Walrus X,cost_per_impression,running,4826,,2017-06-13 16:42:54.700142,2017-06-13 16:42:54.700142
89,12,Agent Husk Skull,cost_per_click,paused,9930,,2017-06-13 16:42:55.579603,2017-06-13 16:42:55.579603
90,12,Magnificent Blaquesmith,cost_per_click,running,8039,,2017-06-13 16:42:56.218015,2017-06-13 16:42:56.218015
213,29,The Beetle Strange,cost_per_click,archived,7664,,2017-06-13 16:44:25.434059,2017-06-13 16:44:25.434059
214,29,General Cheetah,cost_per_click,running,8132,,2017-06-13 16:44:26.023678,2017-06-13 16:44:26.023678
215,29,Lizard Man,cost_per_impression,running,2347,,2017-06-13 16:44:26.719458,2017-06-13 16:44:26.719458
216,29,Cyborg Ripcord,cost_per_click,paused,9525,,2017-06-13 16:44:27.528776,2017-06-13 16:44:27.528776
217,29,Colossus I,cost_per_impression,paused,8598,,2017-06-13 16:44:28.001522,2017-06-13 16:44:28.001522
218,29,Supah Cerebra,cost_per_click,archived,7235,,2017-06-13 16:44:28.625859,2017-06-13 16:44:28.625859
219,29,Spectre,cost_per_click,archived,9687,,2017-06-13 16:44:29.39471,2017-06-13 16:44:29.39471
220,29,Spyke Fist,cost_per_click,running,9350,,2017-06-13 16:44:30.133933,2017-06-13 16:44:30.133933
221,29,Hope Summers,cost_per_impression,archived,9515,,2017-06-13 16:44:30.777782,2017-06-13 16:44:30.777782
222,29,Green Siren,cost_per_impression,archived,5524,,2017-06-13 16:44:31.355219,2017-06-13 16:44:31.355219
534,69,Magnificent Elongated Man Man,cost_per_click,archived,9804,,2017-06-13 16:48:06.392245,2017-06-13 16:48:06.392245
535,69,Captain Bane,cost_per_click,archived,9381,,2017-06-13 16:48:07.059713,2017-06-13 16:48:07.059713
536,69,The Energy Boy,cost_per_impression,running,8240,,2017-06-13 16:48:07.669616,2017-06-13 16:48:07.669616
537,69,Wondra,cost_per_click,paused,7051,,2017-06-13 16:48:08.33799,2017-06-13 16:48:08.33799
538,69,Green Darkside,cost_per_click,paused,5361,,2017-06-13 16:48:09.122608,2017-06-13 16:48:09.122608
539,69,Deadpool,cost_per_impression,paused,9047,,2017-06-13 16:48:09.785539,2017-06-13 16:48:09.785539
540,69,Bantam,cost_per_click,paused,4717,,2017-06-13 16:48:10.360787,2017-06-13 16:48:10.360787
128,18,Absorbing,cost_per_click,paused,1471,,2017-06-13 16:43:22.907229,2017-06-13 16:43:22.907229
129,18,Spawn the Hunter,cost_per_click,archived,7730,,2017-06-13 16:43:23.795619,2017-06-13 16:43:23.795619
130,18,Havok,cost_per_impression,archived,8685,,2017-06-13 16:43:24.552015,2017-06-13 16:43:24.552015
131,18,The Spectre Machine,cost_per_click,running,3852,,2017-06-13 16:43:25.1909,2017-06-13 16:43:25.1909
132,18,Mr Darkseid Spirit,cost_per_impression,paused,3644,,2017-06-13 16:43:25.991737,2017-06-13 16:43:25.991737
133,18,Dark Hawk Fist,cost_per_click,archived,5867,,2017-06-13 16:43:26.71686,2017-06-13 16:43:26.71686
134,18,Colin Wagner,cost_per_impression,running,149,,2017-06-13 16:43:27.482513,2017-06-13 16:43:27.482513
135,18,Forge,cost_per_click,running,5844,,2017-06-13 16:43:28.047844,2017-06-13 16:43:28.047844
136,18,Martian Manhunter,cost_per_click,running,3543,,2017-06-13 16:43:28.759763,2017-06-13 16:43:28.759763
334,44,Red Jigsaw,cost_per_click,running,1361,,2017-06-13 16:45:49.676939,2017-06-13 16:45:49.676939
335,44,Red Bizarro,cost_per_click,running,3951,,2017-06-13 16:45:50.383117,2017-06-13 16:45:50.383117
336,44,Giant Wondra the Hunter,cost_per_click,paused,1581,,2017-06-13 16:45:50.979583,2017-06-13 16:45:50.979583
337,44,Mr Rick Flag,cost_per_impression,running,6195,,2017-06-13 16:45:51.537058,2017-06-13 16:45:51.537058
338,44,Supah Apocalypse,cost_per_click,archived,5077,,2017-06-13 16:45:52.413118,2017-06-13 16:45:52.413118
339,44,Cyborg Doomsday,cost_per_impression,running,2580,,2017-06-13 16:45:52.991152,2017-06-13 16:45:52.991152
516,67,Galactus Woman,cost_per_impression,archived,9854,,2017-06-13 16:47:53.819995,2017-06-13 16:47:53.819995
517,67,General Vindicator the Fated,cost_per_impression,paused,3535,,2017-06-13 16:47:54.443205,2017-06-13 16:47:54.443205
518,67,Mr Atom,cost_per_impression,running,2179,,2017-06-13 16:47:55.000217,2017-06-13 16:47:55.000217
519,67,Morph,cost_per_click,paused,6422,,2017-06-13 16:47:55.594571,2017-06-13 16:47:55.594571
520,67,Mr Mysterio,cost_per_click,paused,2506,,2017-06-13 16:47:56.436433,2017-06-13 16:47:56.436433
521,67,Captain Hyperion,cost_per_click,running,2883,,2017-06-13 16:47:57.146138,2017-06-13 16:47:57.146138
522,67,Wondra Eyes,cost_per_impression,archived,9971,,2017-06-13 16:47:57.917628,2017-06-13 16:47:57.917628
523,67,The Magog Girl,cost_per_click,running,1745,,2017-06-13 16:47:58.722762,2017-06-13 16:47:58.722762
524,68,Dark Cottonmouth,cost_per_impression,paused,2256,,2017-06-13 16:47:59.342481,2017-06-13 16:47:59.342481
525,68,Shatterstar Wolf,cost_per_impression,paused,8222,,2017-06-13 16:47:59.834173,2017-06-13 16:47:59.834173
526,68,Rambo Brain,cost_per_impression,paused,9864,,2017-06-13 16:48:00.697075,2017-06-13 16:48:00.697075
527,68,The Polaris,cost_per_impression,running,6978,,2017-06-13 16:48:01.422925,2017-06-13 16:48:01.422925
528,68,The Monarch,cost_per_impression,running,5953,,2017-06-13 16:48:02.089247,2017-06-13 16:48:02.089247
529,68,Triplicate Claw,cost_per_click,archived,4156,,2017-06-13 16:48:02.719561,2017-06-13 16:48:02.719561
530,68,Giant Leech,cost_per_click,archived,4731,,2017-06-13 16:48:03.453678,2017-06-13 16:48:03.453678
531,68,Illustrious Binary Man,cost_per_click,running,3889,,2017-06-13 16:48:03.984701,2017-06-13 16:48:03.984701
532,68,Moon Knight,cost_per_click,running,3805,,2017-06-13 16:48:04.477925,2017-06-13 16:48:04.477925
533,68,Omega Red Lord,cost_per_impression,running,9407,,2017-06-13 16:48:05.338455,2017-06-13 16:48:05.338455
588,75,Captain Gardner XI,cost_per_impression,paused,7094,,2017-06-13 16:48:44.392422,2017-06-13 16:48:44.392422
589,75,Dark Swarm,cost_per_impression,paused,8507,,2017-06-13 16:48:45.113702,2017-06-13 16:48:45.113702
590,75,Match III,cost_per_impression,paused,7828,,2017-06-13 16:48:45.780332,2017-06-13 16:48:45.780332
591,75,Magnificent Astro Boy Thirteen,cost_per_impression,paused,5977,,2017-06-13 16:48:46.631867,2017-06-13 16:48:46.631867
592,75,Storm,cost_per_impression,archived,1235,,2017-06-13 16:48:47.379083,2017-06-13 16:48:47.379083
593,75,Zoom,cost_per_click,archived,6308,,2017-06-13 16:48:48.05599,2017-06-13 16:48:48.05599
594,75,Mr Ajax,cost_per_impression,paused,3234,,2017-06-13 16:48:48.652027,2017-06-13 16:48:48.652027
595,75,Dark Blink of Hearts,cost_per_impression,paused,720,,2017-06-13 16:48:49.176129,2017-06-13 16:48:49.176129
