8,Luna Rogahn,https://robohash.org/idfugavero.png?size=300x300&set=set1,2017-06-13 16:42:34.405636,2017-06-13 16:42:34.405636
20,Leatha Blick,https://robohash.org/enimsaepeminus.png?size=300x300&set=set1,2017-06-13 16:43:34.715245,2017-06-13 16:43:34.715245
60,Jonas Batz,https://robohash.org/ducimusassumendaadipisci.png?size=300x300&set=set1,2017-06-13 16:47:12.700301,2017-06-13 16:47:12.700301
1,Dulce Corkery,https://robohash.org/cumqueautquia.png?size=300x300&set=set1,2017-06-13 16:41:52.460952,2017-06-13 16:41:52.460952
15,Florine Kuhic Sr.,https://robohash.org/odioullamipsum.png?size=300x300&set=set1,2017-06-13 16:43:09.440815,2017-06-13 16:43:09.440815
25,Gail Stehr,https://robohash.org/doloresfacilisest.png?size=300x300&set=set1,2017-06-13 16:44:02.583241,2017-06-13 16:44:02.583241
63,Miss Charlene Hilpert,https://robohash.org/idautaccusantium.png?size=300x300&set=set1,2017-06-13 16:47:30.463766,2017-06-13 16:47:30.463766
31,Hipolito Stark,https://robohash.org/natusreiciendiseos.png?size=300x300&set=set1,2017-06-13 16:44:36.733325,2017-06-13 16:44:36.733325
24,Brant Lang Jr.,https://robohash.org/omnisetaut.png?size=300x300&set=set1,2017-06-13 16:43:55.494651,2017-06-13 16:43:55.494651
26,Dayne Becker,https://robohash.org/facilisomniscum.png?size=300x300&set=set1,2017-06-13 16:44:08.789939,2017-06-13 16:44:08.789939
33,Geovany Crist,https://robohash.org/inquiiure.png?size=300x300&set=set1,2017-06-13 16:44:48.401657,2017-06-13 16:44:48.401657
10,Davonte Pfannerstill,https://robohash.org/repudiandaeiurequo.png?size=300x300&set=set1,2017-06-13 16:42:43.459966,2017-06-13 16:42:43.459966
35,Shana Bednar,https://robohash.org/istenonsequi.png?size=300x300&set=set1,2017-06-13 16:44:58.900345,2017-06-13 16:44:58.900345
48,Lucas Fahey,https://robohash.org/ineumquibusdam.png?size=300x300&set=set1,2017-06-13 16:46:08.350621,2017-06-13 16:46:08.350621
5,Lindsey Durgan,https://robohash.org/sintexfacilis.png?size=300x300&set=set1,2017-06-13 16:42:15.946372,2017-06-13 16:42:15.946372
53,Yvette Farrell,https://robohash.org/eainconsectetur.png?size=300x300&set=set1,2017-06-13 16:46:34.673138,2017-06-13 16:46:34.673138
50,Ms. Syble Swift,https://robohash.org/providentsimiliquequibusdam.png?size=300x300&set=set1,2017-06-13 16:46:20.282742,2017-06-13 16:46:20.282742
4,Ms. Morton Stehr,https://robohash.org/optionamquis.png?size=300x300&set=set1,2017-06-13 16:42:09.712621,2017-06-13 16:42:09.712621
7,Sienna Collier,https://robohash.org/autemquiamolestiae.png?size=300x300&set=set1,2017-06-13 16:42:28.41381,2017-06-13 16:42:28.41381
14,Meaghan Johnson,https://robohash.org/estfugitreiciendis.png?size=300x300&set=set1,2017-06-13 16:43:04.107783,2017-06-13 16:43:04.107783
54,Pansy Wisozk III,https://robohash.org/etnondolores.png?size=300x300&set=set1,2017-06-13 16:46:40.242337,2017-06-13 16:46:40.242337
61,Murphy Schiller,https://robohash.org/quidemdolorvoluptatem.png?size=300x300&set=set1,2017-06-13 16:47:17.994598,2017-06-13 16:47:17.994598
17,Javon Zulauf,https://robohash.org/ullamrepudiandaeminus.png?size=300x300&set=set1,2017-06-13 16:43:18.674027,2017-06-13 16:43:18.674027
51,Lottie Greenfelder,https://robohash.org/dolorquaeratquos.png?size=300x300&set=set1,2017-06-13 16:46:24.986157,2017-06-13 16:46:24.986157
16,Roberta Nader,https://robohash.org/teneturveritatisquaerat.png?size=300x300&set=set1,2017-06-13 16:43:13.27622,2017-06-13 16:43:13.27622
36,Ms. Jedediah Tillman,https://robohash.org/inciduntnemoveritatis.png?size=300x300&set=set1,2017-06-13 16:45:03.247664,2017-06-13 16:45:03.247664
19,Dr. Rafael Koepp,https://robohash.org/omniseanihil.png?size=300x300&set=set1,2017-06-13 16:43:29.508484,2017-06-13 16:43:29.508484
55,Hilma Collins PhD,https://robohash.org/deseruntfacilisquibusdam.png?size=300x300&set=set1,2017-06-13 16:46:44.156306,2017-06-13 16:46:44.156306
64,Nick Weimann,https://robohash.org/fugiatcumquevoluptatum.png?size=300x300&set=set1,2017-06-13 16:47:35.806378,2017-06-13 16:47:35.806378
37,Clinton Barton,https://robohash.org/quiasolutadistinctio.png?size=300x300&set=set1,2017-06-13 16:45:09.720446,2017-06-13 16:45:09.720446
40,Pierce Veum,https://robohash.org/voluptasadet.png?size=300x300&set=set1,2017-06-13 16:45:28.143718,2017-06-13 16:45:28.143718
45,Otho Feeney,https://robohash.org/pariatursunttenetur.png?size=300x300&set=set1,2017-06-13 16:45:53.848438,2017-06-13 16:45:53.848438
65,Hannah Nienow,https://robohash.org/possimusilloassumenda.png?size=300x300&set=set1,2017-06-13 16:47:42.458667,2017-06-13 16:47:42.458667
74,Braeden Reichel,https://robohash.org/corporisnemoest.png?size=300x300&set=set1,2017-06-13 16:48:37.575494,2017-06-13 16:48:37.575494
3,Mrs. Nels Jacobi,https://robohash.org/quiapraesentiumeos.png?size=300x300&set=set1,2017-06-13 16:42:03.620678,2017-06-13 16:42:03.620678
52,Mrs. Evert Windler,https://robohash.org/eumitaquevoluptate.png?size=300x300&set=set1,2017-06-13 16:46:29.418162,2017-06-13 16:46:29.418162
57,Mireya Hilll,https://robohash.org/reiciendisvitaeeum.png?size=300x300&set=set1,2017-06-13 16:46:54.464718,2017-06-13 16:46:54.464718
62,Lessie Durgan,https://robohash.org/ullamvoluptatemmolestias.png?size=300x300&set=set1,2017-06-13 16:47:25.276981,2017-06-13 16:47:25.276981
28,Mr. Pamela Wisozk,https://robohash.org/ullamplaceataut.png?size=300x300&set=set1,2017-06-13 16:44:19.340355,2017-06-13 16:44:19.340355
46,Kailyn Volkman,https://robohash.org/quamvoluptastenetur.png?size=300x300&set=set1,2017-06-13 16:45:57.83443,2017-06-13 16:45:57.83443
6,Maximo Hegmann,https://robohash.org/aliquamreprehenderitdolor.png?size=300x300&set=set1,2017-06-13 16:42:22.35326,2017-06-13 16:42:22.35326
38,Yvette Bailey,https://robohash.org/veritatisarchitectoest.png?size=300x300&set=set1,2017-06-13 16:45:15.343084,2017-06-13 16:45:15.343084
66,Miss Estevan Gibson,https://robohash.org/eosinventoredelectus.png?size=300x300&set=set1,2017-06-13 16:47:48.394068,2017-06-13 16:47:48.394068
71,Jameson Powlowski,https://robohash.org/rerumilloquaerat.png?size=300x300&set=set1,2017-06-13 16:48:17.543095,2017-06-13 16:48:17.543095
73,Ruben Stamm,https://robohash.org/inciduntminusvitae.png?size=300x300&set=set1,2017-06-13 16:48:29.73207,2017-06-13 16:48:29.73207
21,Zoie McGlynn,https://robohash.org/explicaboconsequaturaccusamus.png?size=300x300&set=set1,2017-06-13 16:43:39.8868,2017-06-13 16:43:39.8868
34,Idell Terry,https://robohash.org/itaqueminimarerum.png?size=300x300&set=set1,2017-06-13 16:44:54.285945,2017-06-13 16:44:54.285945
70,Daren Schultz Sr.,https://robohash.org/etadcum.png?size=300x300&set=set1,2017-06-13 16:48:11.062531,2017-06-13 16:48:11.062531
39,Curtis Raynor,https://robohash.org/enimvoluptasveniam.png?size=300x300&set=set1,2017-06-13 16:45:21.22899,2017-06-13 16:45:21.22899
49,Rachel Mayer,https://robohash.org/rerumsitsunt.png?size=300x300&set=set1,2017-06-13 16:46:14.254943,2017-06-13 16:46:14.254943
13,Luis Dach,https://robohash.org/sedvoluptatemmolestiae.png?size=300x300&set=set1,2017-06-13 16:42:56.853908,2017-06-13 16:42:56.853908
43,Rachel Funk,https://robohash.org/optioquiearum.png?size=300x300&set=set1,2017-06-13 16:45:44.729997,2017-06-13 16:45:44.729997
56,Johanna Armstrong DVM,https://robohash.org/voluptatesdoloromnis.png?size=300x300&set=set1,2017-06-13 16:46:49.77036,2017-06-13 16:46:49.77036
2,Jamir Larkin,https://robohash.org/teneturiureducimus.png?size=300x300&set=set1,2017-06-13 16:41:57.057374,2017-06-13 16:41:57.057374
32,Bryce Cronin,https://robohash.org/liberosequiautem.png?size=300x300&set=set1,2017-06-13 16:44:41.834502,2017-06-13 16:44:41.834502
47,Jamal Jacobi,https://robohash.org/fugiatvoluptateullam.png?size=300x300&set=set1,2017-06-13 16:46:02.53139,2017-06-13 16:46:02.53139
27,Andy Ernser,https://robohash.org/errormagniqui.png?size=300x300&set=set1,2017-06-13 16:44:13.178603,2017-06-13 16:44:13.178603
58,Al Lindgren III,https://robohash.org/eumrepellendussit.png?size=300x300&set=set1,2017-06-13 16:47:01.043589,2017-06-13 16:47:01.043589
41,Velda Howe,https://robohash.org/officiacorporisplaceat.png?size=300x300&set=set1,2017-06-13 16:45:32.783026,2017-06-13 16:45:32.783026
42,Liana Jenkins,https://robohash.org/autmaximeet.png?size=300x300&set=set1,2017-06-13 16:45:37.934217,2017-06-13 16:45:37.934217
9,Miss Harold Cormier,https://robohash.org/quodrepellenduseos.png?size=300x300&set=set1,2017-06-13 16:42:38.982761,2017-06-13 16:42:38.982761
23,Pierce Mohr II,https://robohash.org/veritatisnisiut.png?size=300x300&set=set1,2017-06-13 16:43:51.297153,2017-06-13 16:43:51.297153
30,Darby Lang Jr.,https://robohash.org/distinctioteneturnobis.png?size=300x300&set=set1,2017-06-13 16:44:31.867824,2017-06-13 16:44:31.867824
22,Onie Lockman,https://robohash.org/aliquidquibusdamvelit.png?size=300x300&set=set1,2017-06-13 16:43:45.39326,2017-06-13 16:43:45.39326
59,Chaz Lowe,https://robohash.org/explicaboutmolestiae.png?size=300x300&set=set1,2017-06-13 16:47:07.70179,2017-06-13 16:47:07.70179
72,Dr. Rebeca Doyle,https://robohash.org/dictaearumplaceat.png?size=300x300&set=set1,2017-06-13 16:48:24.758231,2017-06-13 16:48:24.758231
11,Virginie Conroy,https://robohash.org/quieligendinon.png?size=300x300&set=set1,2017-06-13 16:42:48.387105,2017-06-13 16:42:48.387105
12,Mr. Leonardo Koelpin,https://robohash.org/possimusomnisautem.png?size=300x300&set=set1,2017-06-13 16:42:52.579988,2017-06-13 16:42:52.579988
29,Beverly Hoeger,https://robohash.org/exestsequi.png?size=300x300&set=set1,2017-06-13 16:44:25.24968,2017-06-13 16:44:25.24968
69,Marcelina Roberts,https://robohash.org/sedatatque.png?size=300x300&set=set1,2017-06-13 16:48:06.227688,2017-06-13 16:48:06.227688
18,Ms. Darwin Homenick,https://robohash.org/ipsumplaceatcorporis.png?size=300x300&set=set1,2017-06-13 16:43:22.726576,2017-06-13 16:43:22.726576
44,Lesly Daugherty,https://robohash.org/voluptatemaliquameos.png?size=300x300&set=set1,2017-06-13 16:45:49.490116,2017-06-13 16:45:49.490116
67,Consuelo Douglas,https://robohash.org/nihilnemoaspernatur.png?size=300x300&set=set1,2017-06-13 16:47:53.635223,2017-06-13 16:47:53.635223
68,Carol Leuschke,https://robohash.org/facilisipsamsunt.png?size=300x300&set=set1,2017-06-13 16:47:59.159325,2017-06-13 16:47:59.159325
75,Dr. Darien Kohler,https://robohash.org/quidemvoluptasassumenda.png?size=300x300&set=set1,2017-06-13 16:48:44.200408,2017-06-13 16:48:44.200408
